Workbook

Sheet Mode d'emploi
A1: Dossier prévisionnel pour aider à la prise de décisions
E2: Logistique : la gestion des stocks et de la production
A3: Saisie des données
B4: Des données sont à saisir dans les onglets "hypothèses", les autres onglets sont protégés aucune saisie n'est demandée.
B5: Les instructions pour les champs à saisir sont de couleur rouge.
A7: Nature des données
B8: Les décisions sont sur fond vert. | I8: Les objectifs de ventes qui dépendent des clients autant que de
B9: Les résultats à reporter sont sur fond jaune. | I9: notre volonté sont sur fond rouge
B10: Les paramètres sont sur fond bleu.
A12: Prévisions mensuelles
B13: Les prévisions sont effectuées pour le mois en cours, celui pour lequel les décisions sont en préparation.

Sheet hypothèses
B1: Différentes hypothèses pour les prévisions du mois en cours.
B3: Saisir les stocks début du mois G13, H13, O10, P10 et Q10 | I3: Saisir les décisions envisagées dans les tableaux ci-dessous.
B4: Saisir le nombre de machines au début du mois O15 et P15. | I4: Saisir les objectifs mensuels de ventes
B6: Les champs qui ne nécessitent pas de saisie sont protégés
C8: Numéro du dernier mois écoulé | E8: 0 | F8: soit | G8: =LOOKUP(D54,E54:E65,F54:F65) -> décembre | H8: les prévisons concernent le mois de | M8: =LOOKUP(D55,E54:E65,F54:F65) -> janvier
L9: Production | O9: Pech4 | P9: Prom5.5 | Q9: Stan8
C10: Saisir le numéro du dernier mois écoulé | L10: Stocks initiaux au début du mois | O10: 32 | P10: 37 | Q10: 4
L11: Objectifs mensuels de production | O11: 46 | P11: 41 | Q11: 5
F12: Prévisions pour le mois de | G12: =M8 -> janvier | L12: Achats négociés | O12: 0 | P12: 0 | Q12: 0
C13: Approvisionnement. | G13: Plastique | H13: Bois | L13: Ventes négociées | O13: 0 | P13: 0 | Q13: 0
D14: Stocks initiaux au début du mois | G14: 2 | H14: 1 | O14: Moulage | P14: Finition
D15: Commandes mensuelles prévues. | G15: 30 | H15: 15 | L15: Nombre de machines au début du mois | O15: 5 | P15: 6
D16: Achats négociés | G16: 0 | H16: 0 | L16: Nombre de machines achetées (mois en cours) | O16: 0 | P16: 0
D17: Ventes négociées | G17: 0 | H17: 0 | L17: Nombre de machines vendues (mois en cours) | O17: 0 | P17: 0
C18: Commercialisation. | G18: Pech4 | H18: Prom5.5 | I18: Stan8 | L18: Capacité par machine (en HTM) | O18: 200 | P18: 200
D19: Objectifs mensuels de ventes | G19: 42 | H19: 35 | I19: 5
O20: Pech4 | P20: Prom5.5 | Q20: Stan8
L21: Consommation plastique par bateau (t) | O21: 0.2 | P21: 0.4 | Q21: 1
L22: Consommation bois par bateau (en m3) | O22: 0.1 | P22: 0.2 | Q22: 0.5
L23: Consommation moulage (en HTM) | O23: 8 | P23: 12 | Q23: 28
L24: Consommation finition (en HTM) | O24: 10 | P24: 14 | Q24: 28
D54: =MOD(E8,12) -> 0 | E54: 0 | F54: décembre
D55: =MOD(E8+1,12) -> 1 | E55: 1 | F55: janvier
E56: 2 | F56: février
E57: 3 | F57: mars
E58: 4 | F58: avril
E59: 5 | F59: mai
E60: 6 | F60: juin
E61: 7 | F61: juillet
E62: 8 | F62: août
E63: 9 | F63: septembre
E64: 10 | F64: octobre
E65: 11 | F65: novembre

Sheet Synthèse des résultats
B4: plastique | C4: =Matières!H13 -> 1.4 | J4: moulage | K4: =Ateliers!$G$13 -> 0
B5: bois | C5: =Matières!H24 -> 0.7 | J5: finition | K5: =Ateliers!$G$25 -> 26
B18: Pech4 | C18: =Bateaux!E15 -> 36
B19: Prom5.5 | C19: =Bateaux!F15 -> 43
B20: Stan8 | C20: =Bateaux!G15 -> 4
B39: m+1 | C39: m+2 | D39: m+3
A40: Stocks plastique | B40: =Matières!H13 -> 1.4 | C40: =Matières!#REF! -> #REF! | D40: =Matières!H24 -> 0.7
A41: Stocks bois | B41: =#REF! -> #REF! | C41: =#REF! -> #REF! | D41: =#REF! -> #REF!
B42: Moulage | C42: Finition
A43: Besoins HTM | B43: =Ateliers!G12 -> 1000 | C43: =Ateliers!G24 -> 1174
A44: Capacité HTM | B44: =Ateliers!G9 -> 1000 | C44: =Ateliers!G21 -> 1200
A45: Taux d'utilisation | B45: =B43/B44 -> 1 | C45: =C43/C44 -> 0.97833333
B46: m+1 | C46: m+2 | D46: m+3
A47: A | B47: =Bateaux!E15 -> 36 | C47: =Bateaux!#REF! -> #REF! | D47: =Bateaux!#REF! -> #REF!
A48: B | B48: =Bateaux!F15 -> 43 | C48: =Bateaux!#REF! -> #REF! | D48: =Bateaux!#REF! -> #REF!
A49: C | B49: =Bateaux!G15 -> 4 | C49: =Bateaux!#REF! -> #REF! | D49: =Bateaux!#REF! -> #REF!
B50: A | C50: B | D50: C
A51: Taux de MSCV | B51: =100*#REF! -> #REF! | C51: =100*#REF! -> #REF! | D51: =100*#REF! -> #REF!
A52: Marge contribution | B52: =#REF!/1000 -> #REF! | C52: =#REF!/1000 -> #REF! | D52: =#REF!/1000 -> #REF!

Sheet Matières
C1: Prévision des entrées et sorties de stocks pour le mois de | L1: =hypothèses!M8 -> janvier
C2: Ne rien saisir
C4: Commande fournisseur | D4: Mois en cours : | E4: =L1 -> janvier | G4: commande | H4: =hypothèses!$G$15 -> 30
C5: Plastique | D5: Pech4 | E5: Prom5.5 | F5: Stan8 | G5: Plastique | H5: Tonnes | J5: Stock final plastique ( en t ) : | K5: plastique (t) | L5: =H13 -> 1.4
C6: Stock initial mat. premières | G6: + | H6: =hypothèses!G14 -> 2 | J6: Stock final bois ( en m3 ) : | K6: bois (m3) | L6: =H24 -> 0.7
C7: Livraison commande m | G7: + | H7: =H4 -> 30
C8: Achats négociés | G8: + | H8: =hypothèses!G16 -> 0
C9: Ventes négociées | G9: - | H9: =hypothèses!G17 -> 0
C10: Objectifs de production | D10: =hypothèses!O11 -> 46 | E10: =hypothèses!P11 -> 41 | F10: =hypothèses!Q11 -> 5
C11: Conso unitaire / bateau | D11: =hypothèses!O21 -> 0.2 | E11: =hypothèses!P21 -> 0.4 | F11: =hypothèses!Q21 -> 1
C12: Conso globale / type bateau | D12: =D11*D10 -> 9.2 | E12: =E11*E10 -> 16.4 | F12: =F11*F10 -> 5 | G12: - | H12: =SUM(D12:F12) -> 30.6
C13: Stock final MP plastique | G13: = | H13: =H6+H7+H8-H9-H12 -> 1.4
C15: Commande fournisseur | D15: =D4 -> Mois en cours : | E15: =E4 -> janvier | G15: commande | H15: =hypothèses!H15 -> 15
C16: Bois | D16: Pech4 | E16: Prom5.5 | F16: Stan8 | G16: Bois | H16: m3
C17: Stock initial mat. premières | G17: + | H17: =hypothèses!H14 -> 1
C18: Livraison commande m | G18: + | H18: =hypothèses!H15 -> 15
C19: Achats négociés | G19: + | H19: =hypothèses!H16 -> 0
C20: Ventes négociées | G20: - | H20: =hypothèses!H17 -> 0
C21: Objectifs de production | D21: =D10 -> 46 | E21: =E10 -> 41 | F21: =F10 -> 5
C22: Conso unitaire / bateau | D22: =hypothèses!O22 -> 0.1 | E22: =hypothèses!P22 -> 0.2 | F22: =hypothèses!Q22 -> 0.5
C23: Conso globale / type bateau | D23: =D22*D21 -> 4.6 | E23: =E22*E21 -> 8.2 | F23: =F22*F21 -> 2.5 | G23: - | H23: =SUM(D23:F23) -> 15.3
C24: Stock final MP bois | G24: = | H24: =H17+H18+H19-H20-H23 -> 0.7

Sheet Bateaux
C1: Prévision des stocks de bateaux à la fin du mois de | L1: =hypothèses!M8 -> janvier
C2: Ne rien saisir
C8: Prévision des stocks de bateaux. | I8: Pech4 | J8: =E15 -> 36
C9: =hypothèses!M8 -> janvier | E9: Pech4 | F9: Prom5.5 | G9: Stan8 | I9: Prom5.5 | J9: =F15 -> 43
C10: Stock initial de bateaux | D10: + | E10: =hypothèses!O10 -> 32 | F10: =hypothèses!P10 -> 37 | G10: =hypothèses!Q10 -> 4 | I10: Stan8 | J10: =G15 -> 4
C11: Production mensuelle | D11: + | E11: =hypothèses!O11 -> 46 | F11: =hypothèses!P11 -> 41 | G11: =hypothèses!Q11 -> 5
C12: Achats négociés | D12: + | E12: =hypothèses!O12 -> 0 | F12: =hypothèses!P12 -> 0 | G12: =hypothèses!Q12 -> 0
C13: Ventes négociées | D13: - | E13: =hypothèses!O13 -> 0 | F13: =hypothèses!P13 -> 0 | G13: =hypothèses!Q13 -> 0
C14: Objectifs de ventes | D14: - | E14: =hypothèses!G19 -> 42 | F14: =hypothèses!H19 -> 35 | G14: =hypothèses!I19 -> 5
C15: Stock final de bateaux | D15: = | E15: =E10+E11+E12-E13-E14 -> 36 | F15: =F10+F11+F12-F13-F14 -> 43 | G15: =G10+G11+G12-G13-G14 -> 4

Sheet Ateliers
A1: Prévision des consommations d'HTM en fonction des objectifs de production.
B2: Ne rien saisir
B3: Moulage
B4: =hypothèses!M8 -> janvier | C4: Pech4 | D4: Prom5.5 | E4: Stan8 | F4: Moulage | G4: HTM | H4: Moulage | I4: =G13 -> 0
B5: Nombre de machines | G5: =hypothèses!O15 -> 5 | H5: Finition | I5: =G25 -> 26
B6: Nombre de machines acquises | F6: + | G6: =hypothèses!O16 -> 0
B7: Nombre de machines cédées | F7: - | G7: =hypothèses!O17 -> 0
B8: Capacité par machine(HTM) | F8: x | G8: =hypothèses!O18 -> 200
B9: Capacité de l'atelier (HTM) | F9: = | G9: =(G5+G6-G7)*G8 -> 1000
B10: Objectifs de production | C10: =hypothèses!O11 -> 46 | D10: =hypothèses!P11 -> 41 | E10: =hypothèses!Q11 -> 5
B11: Conso unitaire HTM / bateau | C11: =hypothèses!O23 -> 8 | D11: =hypothèses!P23 -> 12 | E11: =hypothèses!Q23 -> 28
B12: Conso globale / type bateau | C12: =C11*C10 -> 368 | D12: =D11*D10 -> 492 | E12: =E11*E10 -> 140 | F12: - | G12: =SUM(C12:E12) -> 1000
B13: Insuffisance (-) ou Excédent (+) HTM Moulage | F13: = | G13: =G9-G12 -> 0
B15: Finition
B16: =hypothèses!M8 -> janvier | C16: Pech4 | D16: Prom5.5 | E16: Stan8 | F16: Finition | G16: HTM
B17: Nombre de machines | G17: =hypothèses!P15 -> 6
B18: Nombre de machines acquises | F18: + | G18: =hypothèses!P16 -> 0
B19: Nombre de machines cédées | F19: - | G19: =hypothèses!P17 -> 0
B20: Capacité par machine(HTM) | F20: x | G20: =hypothèses!P18 -> 200
B21: Capacité de l'atelier (HTM) | F21: = | G21: =(G17+G18-G19)*G20 -> 1200
B22: Objectifs de production | C22: =C10 -> 46 | D22: =D10 -> 41 | E22: =E10 -> 5
B23: Conso unitaire HTM / bateau | C23: =hypothèses!O24 -> 10 | D23: =hypothèses!P24 -> 14 | E23: =hypothèses!Q24 -> 28
B24: Conso globale / type bateau | C24: =C23*C22 -> 460 | D24: =D23*D22 -> 574 | E24: =E23*E22 -> 140 | F24: - | G24: =SUM(C24:E24) -> 1174
B25: Insuffisance (-) ou Excédent (+) HTM Finition | F25: = | G25: =G21-G24 -> 26
